ts_code,trade_date,close,open,high,low,pre_close,change,pct_chg,vol,amount
000300.SH,20240102,3386.3522,3426.2684,3426.2684,3386.3522,3431.1099,-44.7577,-1.3045,116180726.0,184096097.449
000300.SH,20240103,3378.2971,3379.7501,3392.8504,3362.6617,3386.3522,-8.0551,-0.2379,105613851.0,165099018.643
000300.SH,20240104,3347.0519,3375.0207,3375.0207,3323.8647,3378.2971,-31.2452,-0.9249,106721013.0,165512262.699
000300.SH,20240105,3329.1114,3341.3061,3372.5444,3313.5542,3347.0519,-17.9405,-0.536,126400574.0,182251664.948
000300.SH,20240108,3286.0564,3322.6051,3333.516,3283.3421,3329.1114,-43.055,-1.2933,117429485.0,170761644.873
000300.SH,20240109,3292.4994,3286.7083,3304.6008,3273.8431,3286.0564,6.443,0.1961,109330465.0,172276323.045
000300.SH,20240110,3277.129,3281.6692,3312.9161,3268.2471,3292.4994,-15.3704,-0.4668,94199366.0,159777649.838
000300.SH,20240111,3295.6717,3275.3086,3311.1137,3266.7911,3277.129,18.5427,0.5658,108789735.0,180978533.6
000300.SH,20240112,3284.1667,3284.358,3310.4704,3279.6987,3295.6717,-11.505,-0.3491,96853555.0,156536022.3
000300.SH,20240115,3280.9195,3270.1029,3306.9217,3261.2687,3284.1667,-3.2472,-0.0989,88851530.0,144331722.4
000300.SH,20240116,3300.8762,3272.571,3300.8762,3260.4362,3280.9195,19.9567,0.6083,113276665.0,175650587.5
000300.SH,20240117,3229.082,3291.1392,3291.1392,3229.082,3300.8762,-71.7942,-2.175,108769728.0,173516385.2
000300.SH,20240118,3274.7286,3214.2844,3279.2538,3171.6329,3229.082,45.6466,1.4136,174909168.0,256784536.8
000300.SH,20240119,3269.7763,3261.2393,3286.9415,3251.8136,3274.7286,-4.9523,-0.1512,118501408.0,191261807.1
000300.SH,20240122,3218.9016,3262.4685,3281.4205,3193.1776,3269.7763,-50.8747,-1.5559,148705628.0,225510031.8
000300.SH,20240123,3231.9329,3208.4316,3249.5306,3188.1259,3218.9016,13.0313,0.4048,122012000.0,193791168.6
000300.SH,20240124,3277.1089,3245.9592,3281.4892,3190.4674,3231.9329,45.176,1.3978,154371954.0,219036341.6
000300.SH,20240125,3342.9189,3274.3391,3344.2426,3269.7943,3277.1089,65.81,2.0082,196833614.0,265521115.0
000300.SH,20240126,3333.8213,3326.6465,3351.9692,3315.1265,3342.9189,-9.0976,-0.2721,180664005.0,238144899.5
000300.SH,20240129,3303.9604,3335.3936,3351.3715,3303.9604,3333.8213,-29.8609,-0.8957,184164795.0,244698013.6
000300.SH,20240130,3245.0387,3283.8977,3300.204,3244.9719,3303.9604,-58.9217,-1.7834,143649350.0,199592929.912
000300.SH,20240131,3215.3518,3231.5425,3252.1475,3201.9264,3245.0387,-29.6869,-0.9148,153143469.0,215333349.921
000300.SH,20240201,3217.7109,3202.2564,3251.7582,3191.8968,3215.3518,2.3591,0.0734,145516792.0,203815063.233
000300.SH,20240202,3179.6276,3219.8734,3235.4079,3108.3515,3217.7109,-38.0833,-1.1836,173758089.0,234495151.557
000300.SH,20240205,3200.4218,3164.25,3233.8485,3111.5184,3179.6276,20.7942,0.654,203042970.0,279713141.507
000300.SH,20240206,3311.6922,3185.2498,3314.512,3182.8216,3200.4218,111.2704,3.4767,202713099.0,285042020.946
000300.SH,20240207,3343.6303,3314.0306,3343.6303,3289.6704,3311.6922,31.9381,0.9644,216647933.0,297997664.575
000300.SH,20240208,3364.9297,3351.4052,3367.2101,3336.9779,3343.6303,21.2994,0.637,189977578.0,270239765.211
000300.SH,20240219,3403.8078,3393.1916,3403.8078,3364.1418,3364.9297,38.8781,1.1554,183319800.0,267674145.147
000300.SH,20240220,3410.8542,3395.1916,3415.8943,3380.103,3403.8078,7.0464,0.207,140734581.0,218459281.946
000300.SH,20240221,3456.8713,3390.3619,3500.1338,3383.6911,3410.8542,46.0171,1.3491,188879362.0,291823544.608
000300.SH,20240222,3486.6747,3450.3518,3486.6826,3448.4135,3456.8713,29.8034,0.8621,141020784.0,225098128.873
000300.SH,20240223,3489.7416,3491.3367,3507.5592,3472.968,3486.6747,3.0669,0.088,144821273.0,232926057.114
000300.SH,20240226,3453.3585,3485.5427,3492.6061,3445.3889,3489.7416,-36.3831,-1.0426,151248331.0,238951637.715
000300.SH,20240227,3494.7874,3440.0516,3494.7874,3437.4422,3453.3585,41.4289,1.1997,139528246.0,244488721.251
000300.SH,20240228,3450.2598,3499.8257,3521.6574,3450.2598,3494.7874,-44.5276,-1.2741,189837548.0,328300591.256
000300.SH,20240229,3516.0826,3437.8984,3516.0826,3437.8984,3450.2598,65.8228,1.9078,155944532.0,281971899.288
000300.SH,20240301,3537.8038,3515.0587,3544.3595,3503.459,3516.0826,21.7212,0.6178,162709570.0,288575619.225
000300.SH,20240304,3540.8686,3538.366,3548.6901,3519.7599,3537.8038,3.0648,0.0866,163244613.0,297719931.809
000300.SH,20240305,3565.5143,3524.9644,3570.6935,3519.0816,3540.8686,24.6457,0.696,166422389.0,299895929.709
000300.SH,20240306,3551.0481,3556.5323,3577.3883,3545.1013,3565.5143,-14.4662,-0.4057,143076613.0,248294165.707
000300.SH,20240307,3529.7195,3548.1007,3569.9185,3522.8964,3551.0481,-21.3286,-0.6006,148110510.0,251839533.036
000300.SH,20240308,3544.9099,3529.5509,3548.5055,3511.577,3529.7195,15.1904,0.4304,125792664.0,225379101.014
000300.SH,20240311,3589.2635,3545.9427,3589.2635,3542.2789,3544.9099,44.3536,1.2512,148202825.0,286418582.155
000300.SH,20240312,3597.4939,3592.5826,3605.6976,3574.2117,3589.2635,8.2304,0.2293,180685560.0,339997042.337
000300.SH,20240313,3572.361,3594.4211,3594.4211,3563.3685,3597.4939,-25.1329,-0.6986,144590590.0,266898756.38
000300.SH,20240314,3562.2229,3571.7885,3597.46,3545.612,3572.361,-10.1381,-0.2838,140962722.0,263803609.335
000300.SH,20240315,3569.993,3554.9068,3572.8091,3533.6798,3562.2229,7.7701,0.2181,138316044.0,243991558.366
000300.SH,20240318,3603.528,3577.0564,3604.0519,3573.404,3569.993,33.535,0.9394,160379438.0,295314840.611
000300.SH,20240319,3577.6303,3593.3396,3610.7389,3577.188,3603.528,-25.8977,-0.7187,145571786.0,259553448.413
000300.SH,20240320,3585.3838,3568.7158,3589.5456,3568.4341,3577.6303,7.7535,0.2167,129528966.0,223752103.886
000300.SH,20240321,3581.0902,3593.07,3601.1145,3575.0331,3585.3838,-4.2936,-0.1198,130743377.0,233162492.63
000300.SH,20240322,3545.0023,3571.2736,3575.7171,3522.8404,3581.0902,-36.0879,-1.0077,139227358.0,248850931.022
000300.SH,20240325,3525.7634,3536.7136,3564.9604,3525.7634,3545.0023,-19.2389,-0.5427,137015724.0,233747256.235
000300.SH,20240326,3543.7467,3526.6818,3547.6461,3518.6018,3525.7634,17.9833,0.5101,126209535.0,226730734.844
000300.SH,20240327,3502.7866,3538.7244,3542.9624,3502.7866,3543.7467,-40.9601,-1.1558,128626763.0,216404726.566
000300.SH,20240328,3520.9648,3498.482,3551.2143,3489.3861,3502.7866,18.1782,0.519,143334717.0,232530806.335
000300.SH,20240329,3537.4843,3516.883,3538.2378,3516.883,3520.9648,16.5195,0.4692,128643290.0,201749384.357
000300.SH,20240401,3595.6466,3551.5815,3600.9193,3551.5815,3537.4843,58.1623,1.6442,162776561.0,251637272.845
000300.SH,20240402,3580.6759,3593.2206,3596.1903,3568.7539,3595.6466,-14.9707,-0.4164,141272972.0,220207515.543
000300.SH,20240403,3567.8031,3578.6835,3582.4324,3558.874,3580.6759,-12.8728,-0.3595,135592331.0,214222897.58
000300.SH,20240408,3536.4077,3553.5554,3567.82,3535.7688,3567.8031,-31.3954,-0.88,155304283.0,243249251.687
000300.SH,20240409,3533.4871,3533.3849,3543.7141,3518.8601,3536.4077,-2.9206,-0.0826,129670942.0,195893525.575
000300.SH,20240410,3504.7086,3528.9679,3531.2295,3490.0525,3533.4871,-28.7785,-0.8145,128790274.0,199754768.626
000300.SH,20240411,3504.2447,3485.0294,3520.5893,3484.9252,3504.7086,-0.4639,-0.0132,126534395.0,200293481.886
000300.SH,20240412,3475.8389,3505.7499,3516.6988,3470.0611,3504.2447,-28.4058,-0.8106,128921116.0,208566204.703
000300.SH,20240415,3549.0759,3473.5047,3552.4125,3473.5047,3475.8389,73.237,2.107,183941250.0,267472484.531
000300.SH,20240416,3511.1146,3533.3636,3545.5034,3503.6158,3549.0759,-37.9613,-1.0696,176153065.0,253315972.272
000300.SH,20240417,3565.403,3509.1318,3565.9389,3498.0324,3511.1146,54.2884,1.5462,168466398.0,244987812.753
000300.SH,20240418,3569.8018,3550.5562,3602.7902,3547.5996,3565.403,4.3988,0.1234,178574105.0,261329927.268
000300.SH,20240419,3541.6619,3550.6087,3560.9492,3529.3237,3569.8018,-28.1399,-0.7883,147281505.0,226229520.121
000300.SH,20240422,3530.9045,3536.1844,3558.1642,3528.0186,3541.6619,-10.7574,-0.3037,150579042.0,229511183.118
000300.SH,20240423,3506.2249,3525.6681,3533.7584,3499.9838,3530.9045,-24.6796,-0.699,143113504.0,213257232.211
000300.SH,20240424,3521.6219,3514.0108,3524.537,3495.6494,3506.2249,15.397,0.4391,121739851.0,195299919.746
000300.SH,20240425,3530.2813,3510.6396,3543.9699,3505.1999,3521.6219,8.6594,0.2459,115187722.0,184524622.001
000300.SH,20240426,3584.2686,3531.9647,3588.4003,3531.9647,3530.2813,53.9873,1.5293,197216133.0,308045062.251
000300.SH,20240429,3623.9124,3584.5427,3645.8229,3578.7597,3584.2686,39.6438,1.106,222721381.0,358709708.838
000300.SH,20240430,3604.3943,3619.2586,3630.7092,3604.3943,3623.9124,-19.5181,-0.5386,191296899.0,286674161.758
000300.SH,20240506,3657.8767,3654.0485,3668.2565,3645.738,3604.3943,53.4824,1.4838,208018007.0,333270472.13
000300.SH,20240507,3659.0076,3657.0007,3665.684,3648.376,3657.8767,1.1309,0.0309,164834286.0,247368347.983
000300.SH,20240508,3630.2233,3650.7484,3650.9355,3628.6984,3659.0076,-28.7843,-0.7867,130035336.0,199923460.35
000300.SH,20240509,3664.561,3630.4142,3669.7593,3630.4142,3630.2233,34.3377,0.9459,146559017.0,232694927.941
000300.SH,20240510,3666.2771,3669.0869,3674.6088,3641.7639,3664.561,1.7161,0.0468,150720536.0,233730562.075
000300.SH,20240513,3664.6907,3646.3491,3673.6211,3634.6049,3666.2771,-1.5864,-0.0433,157267455.0,249688465.073
000300.SH,20240514,3657.0454,3668.2254,3675.776,3646.7092,3664.6907,-7.6453,-0.2086,133406490.0,214643548.214
000300.SH,20240515,3626.0559,3651.0536,3656.5277,3624.002,3657.0454,-30.9895,-0.8474,123522764.0,191480969.435
000300.SH,20240516,3640.3592,3636.6007,3657.4831,3626.334,3626.0559,14.3033,0.3945,154630503.0,240288953.464
000300.SH,20240517,3677.9696,3638.5613,3677.9696,3627.447,3640.3592,37.6104,1.0332,164570417.0,247729525.192
000300.SH,20240520,3690.9623,3682.0615,3703.0287,3677.4426,3677.9696,12.9927,0.3533,184609423.0,279971341.52
000300.SH,20240521,3676.1611,3682.2868,3684.6106,3665.1524,3690.9623,-14.8012,-0.401,130678283.0,196575354.878
000300.SH,20240522,3684.451,3675.6471,3691.8804,3667.0885,3676.1611,8.2899,0.2255,151914605.0,230839373.505
000300.SH,20240523,3641.7917,3672.8403,3674.3654,3633.5051,3684.451,-42.6593,-1.1578,142572990.0,214205039.031
000300.SH,20240524,3601.4754,3630.827,3650.8734,3599.6678,3641.7917,-40.3163,-1.107,124791177.0,195344742.156
000300.SH,20240527,3635.7079,3606.645,3638.1514,3603.7131,3601.4754,34.2325,0.9505,131272644.0,206143742.536
000300.SH,20240528,3609.1724,3633.2535,3638.9703,3605.9213,3635.7079,-26.5355,-0.7299,123532238.0,184381267.979
000300.SH,20240529,3613.5223,3609.0708,3633.1971,3602.8198,3609.1724,4.3499,0.1205,115906321.0,179072813.278
000300.SH,20240530,3594.3121,3607.0522,3624.0352,3586.7543,3613.5223,-19.2102,-0.5316,122602995.0,193069647.051
000300.SH,20240531,3579.9247,3599.8196,3614.6439,3579.9247,3594.3121,-14.3874,-0.4003,112462019.0,180707602.932
000300.SH,20240603,3588.7483,3577.3798,3600.6044,3567.8713,3579.9247,8.8236,0.2465,141054591.0,222756928.174
000300.SH,20240604,3615.6714,3583.8104,3622.5012,3580.2771,3588.7483,26.9231,0.7502,124545096.0,195790966.234
000300.SH,20240605,3594.7936,3610.3601,3623.3232,3594.1056,3615.6714,-20.8778,-0.5774,110906766.0,182639598.875
000300.SH,20240606,3592.2454,3602.1554,3625.0109,3584.171,3594.7936,-2.5482,-0.0709,137893517.0,226764072.639
000300.SH,20240607,3574.1143,3594.6335,3603.0698,3552.0853,3592.2454,-18.1311,-0.5047,131103026.0,213001530.098
000300.SH,20240611,3542.8771,3555.8186,3565.3113,3525.8945,3574.1143,-31.2372,-0.874,134522306.0,219282337.214
000300.SH,20240612,3544.1225,3539.0947,3551.1706,3531.5657,3542.8771,1.2454,0.0352,122813729.0,200722600.631
000300.SH,20240613,3526.1306,3548.2162,3551.0771,3520.1802,3544.1225,-17.9919,-0.5077,123245462.0,214792338.449
000300.SH,20240614,3541.5331,3514.7998,3547.1473,3503.5233,3526.1306,15.4025,0.4368,171516942.0,283768816.845
000300.SH,20240617,3536.1986,3521.4365,3540.7932,3520.7381,3541.5331,-5.3345,-0.1506,137433438.0,232293851.894
000300.SH,20240618,3545.5902,3533.4875,3551.7085,3532.7845,3536.1986,9.3916,0.2656,123671838.0,208824124.156
000300.SH,20240619,3528.749,3543.3599,3543.3599,3524.8449,3545.5902,-16.8412,-0.475,106642797.0,184790298.729
000300.SH,20240620,3503.2817,3525.1687,3533.9865,3500.131,3528.749,-25.4673,-0.7217,111617396.0,186515776.575
000300.SH,20240621,3495.6198,3496.3428,3505.5123,3473.8283,3503.2817,-7.6619,-0.2187,109186615.0,182736735.067
000300.SH,20240624,3476.8102,3473.6392,3505.7752,3471.2164,3495.6198,-18.8096,-0.5381,117990184.0,195787549.314
000300.SH,20240625,3457.9023,3475.1648,3483.2189,3440.6464,3476.8102,-18.9079,-0.5438,118448118.0,190886336.762
000300.SH,20240626,3480.2648,3451.5389,3487.3964,3442.2982,3457.9023,22.3625,0.6467,105898861.0,171538111.702
000300.SH,20240627,3454.1175,3467.2888,3471.1423,3452.5775,3480.2648,-26.1473,-0.7513,114918101.0,174112508.796
000300.SH,20240628,3461.657,3443.6744,3484.678,3443.6744,3454.1175,7.5395,0.2183,135409153.0,205118806.812
000300.SH,20240701,3478.1827,3458.2636,3479.9548,3443.8086,3461.657,16.5257,0.4774,121829770.0,188018227.775
000300.SH,20240702,3471.7857,3472.4527,3488.3189,3464.5237,3478.1827,-6.397,-0.1839,121650121.0,186104752.422
000300.SH,20240703,3463.4141,3471.5556,3478.7047,3454.9942,3471.7857,-8.3716,-0.2411,103857108.0,163035359.363
000300.SH,20240704,3445.8128,3468.2958,3483.3098,3444.928,3463.4141,-17.6013,-0.5082,104429909.0,159477153.57
000300.SH,20240705,3431.0605,3443.3588,3451.0386,3399.6693,3445.8128,-14.7523,-0.4281,116609659.0,181416567.403
000300.SH,20240708,3401.7604,3420.8033,3428.0418,3395.9123,3431.0605,-29.3001,-0.854,115528218.0,177559765.828
000300.SH,20240709,3439.8111,3396.8044,3448.9279,3384.8086,3401.7604,38.0507,1.1186,131629443.0,215048837.82
000300.SH,20240710,3428.9657,3425.8818,3447.505,3423.6483,3439.8111,-10.8454,-0.3153,127203456.0,198149476.849
000300.SH,20240711,3468.169,3451.0442,3473.9837,3438.118,3428.9657,39.2033,1.1433,145892466.0,237551298.482
000300.SH,20240712,3472.4014,3459.9564,3479.0958,3457.3633,3468.169,4.2324,0.122,130874589.0,205055553.856
000300.SH,20240715,3476.2467,3462.6113,3481.4613,3460.7915,3472.4014,3.8453,0.1107,118517083.0,171584915.38
000300.SH,20240716,3498.2827,3466.8523,3500.2943,3464.3655,3476.2467,22.036,0.6339,120659017.0,200456285.078
000300.SH,20240717,3501.5836,3494.209,3514.4753,3486.2229,3498.2827,3.3009,0.0944,131802062.0,222830802.528
000300.SH,20240718,3520.931,3483.2975,3522.7995,3475.7236,3501.5836,19.3474,0.5525,123768199.0,215783795.703
000300.SH,20240719,3539.0156,3500.8052,3545.3383,3493.0734,3520.931,18.0846,0.5136,132447975.0,228065104.129
000300.SH,20240722,3514.9249,3538.4012,3540.1874,3494.0143,3539.0156,-24.0907,-0.6807,132126337.0,217457320.404
000300.SH,20240723,3439.8779,3509.7887,3509.7887,3439.8779,3514.9249,-75.047,-2.1351,128897660.0,202857560.169
000300.SH,20240724,3418.1663,3432.3459,3451.4196,3408.4129,3439.8779,-21.7116,-0.6312,127036263.0,184884499.787
000300.SH,20240725,3399.2716,3404.611,3415.8557,3383.7991,3418.1663,-18.8947,-0.5528,131022242.0,190131464.835
000300.SH,20240726,3409.2931,3403.7084,3420.8201,3388.6601,3399.2716,10.0215,0.2948,124195558.0,187853329.5
000300.SH,20240729,3390.742,3404.3663,3408.5024,3388.8444,3409.2931,-18.5511,-0.5441,109787786.0,166697103.823
000300.SH,20240730,3369.3821,3380.6893,3380.6893,3352.8043,3390.742,-21.3599,-0.6299,104952164.0,165442824.49
000300.SH,20240731,3442.0844,3364.0268,3445.0042,3364.0268,3369.3821,72.7023,2.1577,171959177.0,258249147.336
000300.SH,20240801,3419.2666,3443.1397,3448.3361,3419.1872,3442.0844,-22.8178,-0.6629,136323464.0,206038002.518
000300.SH,20240802,3384.3919,3393.9167,3419.1023,3380.9645,3419.2666,-34.8747,-1.0199,116615255.0,179671192.428
000300.SH,20240805,3343.3205,3362.1117,3409.0314,3343.3205,3384.3919,-41.0714,-1.2136,142812516.0,223631266.563
000300.SH,20240806,3342.9789,3367.3517,3376.7956,3318.6251,3343.3205,-0.3416,-0.0102,119340279.0,181724693.848
000300.SH,20240807,3341.489,3338.5909,3362.3839,3329.9658,3342.9789,-1.4899,-0.0446,95084377.0,145078975.326
000300.SH,20240808,3342.9369,3332.4281,3364.7855,3320.8432,3341.489,1.4479,0.0433,92495695.0,149482926.227
000300.SH,20240809,3331.6274,3358.128,3366.6688,3331.6274,3342.9369,-11.3095,-0.3383,91511626.0,142852166.559
000300.SH,20240812,3325.8645,3327.5561,3338.0771,3319.8908,3331.6274,-5.7629,-0.173,79938754.0,117544892.727
000300.SH,20240813,3334.3903,3328.0138,3335.014,3310.1909,3325.8645,8.5258,0.2563,84489679.0,125259155.343
000300.SH,20240814,3309.2389,3332.7866,3332.7866,3309.1,3334.3903,-25.1514,-0.7543,78742407.0,118181952.004
000300.SH,20240815,3341.953,3301.4455,3356.7644,3297.9711,3309.2389,32.7141,0.9886,104766399.0,149249335.426
000300.SH,20240816,3345.634,3342.0346,3356.9071,3335.6239,3341.953,3.681,0.1101,96519083.0,135885323.083
000300.SH,20240819,3356.9677,3344.2614,3375.9621,3343.7116,3345.634,11.3337,0.3388,105571110.0,143421671.337
000300.SH,20240820,3332.7034,3361.6394,3362.3338,3321.6397,3356.9677,-24.2643,-0.7228,101668331.0,137910585.092
000300.SH,20240821,3321.635,3322.9134,3339.443,3307.9917,3332.7034,-11.0684,-0.3321,89954751.0,130005992.563
000300.SH,20240822,3313.1357,3322.8723,3327.6962,3305.2453,3321.635,-8.4993,-0.2559,100366504.0,147702791.561
000300.SH,20240823,3327.1905,3305.9307,3336.2414,3305.6403,3313.1357,14.0548,0.4242,89525774.0,132680886.5
000300.SH,20240826,3324.2231,3330.7184,3336.5271,3311.5701,3327.1905,-2.9674,-0.0892,93990772.0,139070603.958
000300.SH,20240827,3305.3338,3315.686,3320.5667,3299.5635,3324.2231,-18.8893,-0.5682,95808157.0,129755962.864
000300.SH,20240828,3286.4956,3298.9089,3305.3496,3274.5881,3305.3338,-18.8382,-0.5699,92696650.0,135982310.965
000300.SH,20240829,3277.6812,3273.541,3290.7857,3269.5288,3286.4956,-8.8144,-0.2682,130702333.0,174340106.393
000300.SH,20240830,3321.4323,3273.7532,3351.6254,3273.6496,3277.6812,43.7511,1.3348,188695443.0,268376041.211
000300.SH,20240902,3265.011,3307.5432,3307.7627,3264.7565,3321.4323,-56.4213,-1.6987,147612353.0,194409996.348
000300.SH,20240903,3273.4282,3261.741,3281.5935,3261.1877,3265.011,8.4172,0.2578,122897306.0,155089488.535
000300.SH,20240904,3252.1649,3253.898,3272.9861,3249.9809,3273.4282,-21.2633,-0.6496,104832482.0,140070063.077
000300.SH,20240905,3257.7578,3252.96,3266.882,3247.1725,3252.1649,5.5929,0.172,97109450.0,134618198.894
000300.SH,20240906,3231.3457,3261.1542,3274.8144,3231.0685,3257.7578,-26.4121,-0.8107,88400417.0,121541545.906
000300.SH,20240909,3192.9516,3214.7996,3222.9278,3180.9277,3231.3457,-38.3941,-1.1882,108673069.0,146516054.461
000300.SH,20240910,3195.7552,3193.4557,3205.0972,3171.7932,3192.9516,2.8036,0.0878,97290078.0,133610476.132
000300.SH,20240911,3186.1299,3187.0508,3197.3363,3174.0343,3195.7552,-9.6253,-0.3012,102482110.0,141513837.135
000300.SH,20240912,3172.4747,3189.4271,3201.5544,3171.8775,3186.1299,-13.6552,-0.4286,92868657.0,136387244.637
000300.SH,20240913,3159.247,3174.0344,3188.9145,3159.247,3172.4747,-13.2277,-0.417,88336677.0,137448911.397
000300.SH,20240918,3171.0102,3158.8179,3179.9012,3145.7908,3159.247,11.7632,0.3723,84722814.0,123452147.969
000300.SH,20240919,3196.0357,3178.3959,3213.8378,3149.7925,3171.0102,25.0255,0.7892,125439272.0,181785109.713
000300.SH,20240920,3201.0497,3192.4322,3207.9875,3173.2238,3196.0357,5.014,0.1569,118064098.0,163985054.957
000300.SH,20240923,3212.7639,3200.8678,3230.1613,3198.0248,3201.0497,11.7142,0.3659,95344855.0,143876166.861
000300.SH,20240924,3351.909,3244.6468,3351.9684,3222.4885,3212.7639,139.1451,4.331,204072217.0,307879526.848
000300.SH,20240925,3401.533,3403.7021,3465.4882,3393.438,3351.909,49.624,1.4805,241564255.0,356862584.94
000300.SH,20240926,3545.3204,3399.3188,3545.3249,3391.6772,3401.533,143.7874,4.2271,243134010.0,373983643.045
000300.SH,20240927,3703.6849,3617.9203,3708.4951,3596.5833,3545.3204,158.3645,4.4669,265487774.0,466692757.482
000300.SH,20240930,4017.8545,3846.6515,4038.6968,3796.5045,3703.6849,314.1696,8.4826,510217707.0,862528807.419
000300.SH,20241008,4256.0962,4450.3675,4450.3675,4094.3519,4017.8545,238.2417,5.9296,589867894.0,1130387437.13
000300.SH,20241009,3955.9839,4168.8436,4197.6,3942.5118,4256.0962,-300.1123,-7.0514,482269295.0,1029032062.193
000300.SH,20241010,3997.7879,3979.6116,4098.4967,3912.7708,3955.9839,41.804,1.0567,395053099.0,717952217.513
000300.SH,20241011,3887.167,3969.7576,3978.2389,3847.1228,3997.7879,-110.6209,-2.7671,274096505.0,484998267.296
000300.SH,20241014,3961.3424,3915.2186,3979.5431,3868.779,3887.167,74.1754,1.9082,307578993.0,534076602.216
000300.SH,20241015,3855.9949,3942.5342,3967.8712,3855.9949,3961.3424,-105.3475,-2.6594,242486448.0,434410916.724
000300.SH,20241016,3831.589,3806.1373,3877.7483,3805.0868,3855.9949,-24.4059,-0.6329,218866407.0,377301324.426
000300.SH,20241017,3788.2217,3853.841,3882.0733,3787.7498,3831.589,-43.3673,-1.1318,212313820.0,369170521.635
000300.SH,20241018,3925.234,3780.3143,3998.214,3765.1615,3788.2217,137.0123,3.6168,312958834.0,620673701.894
000300.SH,20241021,3935.1974,3946.9016,3979.2638,3896.165,3925.234,9.9634,0.2538,291185634.0,600109598.949
000300.SH,20241022,3957.7755,3923.7443,3965.9084,3917.5218,3935.1974,22.5781,0.5737,223433396.0,442881846.814
000300.SH,20241023,3973.2089,3955.3191,4012.1795,3939.0986,3957.7755,15.4334,0.39,245873949.0,469120806.272
000300.SH,20241024,3928.8334,3950.8987,3957.9832,3914.0887,3973.2089,-44.3755,-1.1169,174724062.0,340486884.485
000300.SH,20241025,3956.421,3931.3205,3992.8918,3921.9396,3928.8334,27.5876,0.7022,210694885.0,412231378.43
000300.SH,20241028,3964.1569,3953.1063,3964.1569,3917.2042,3956.421,7.7359,0.1955,216160415.0,390450182.338
000300.SH,20241029,3924.649,3970.008,3991.3091,3921.5795,3964.1569,-39.5079,-0.9966,217293984.0,429625020.405
000300.SH,20241030,3889.4487,3904.1595,3926.0581,3864.3051,3924.649,-35.2003,-0.8969,219436626.0,385010582.233
000300.SH,20241031,3891.0396,3888.4229,3923.8997,3859.1079,3889.4487,1.5909,0.0409,300636718.0,515533818.945
000300.SH,20241101,3890.0203,3882.4579,3933.2204,3879.9588,3891.0396,-1.0193,-0.0262,307986481.0,476472952.028
000300.SH,20241104,3944.7619,3897.7144,3944.7619,3891.2109,3890.0203,54.7416,1.4072,229239060.0,381048606.068
000300.SH,20241105,4044.5725,3937.6228,4046.6977,3925.4138,3944.7619,99.8106,2.5302,316862794.0,580971852.724
000300.SH,20241106,4024.2831,4051.2891,4091.7031,4002.5027,4044.5725,-20.2894,-0.5016,335807938.0,639124093.912
000300.SH,20241107,4145.6952,3987.2665,4146.151,3984.6652,4024.2831,121.4121,3.017,341436414.0,658145920.948
000300.SH,20241108,4104.047,4192.0794,4200.908,4094.1631,4145.6952,-41.6482,-1.0046,332350385.0,688446559.772
000300.SH,20241111,4131.1312,4066.9336,4132.5111,4048.039,4104.047,27.0842,0.6599,289594227.0,625605935.91
000300.SH,20241112,4085.743,4133.3528,4181.7096,4060.7936,4131.1312,-45.3882,-1.0987,297778086.0,660380524.821
000300.SH,20241113,4110.8901,4059.5898,4121.0735,4059.5898,4085.743,25.1471,0.6155,240484099.0,512734303.119
000300.SH,20241114,4039.6191,4101.2228,4118.1686,4034.9441,4110.8901,-71.271,-1.7337,230152784.0,464157560.755
000300.SH,20241115,3968.8308,4025.6482,4049.071,3968.8308,4039.6191,-70.7883,-1.7524,247399463.0,474079686.588
000300.SH,20241118,3950.3806,3982.1036,4034.0596,3931.1872,3968.8308,-18.4502,-0.4649,306777946.0,472408054.831
000300.SH,20241119,3976.8912,3954.6038,3979.1505,3896.7493,3950.3806,26.5106,0.6711,242946465.0,402610970.34
000300.SH,20241120,3985.7727,3966.1238,4001.0847,3958.3383,3976.8912,8.8815,0.2233,184599372.0,347577693.1
000300.SH,20241121,3989.2979,3979.4554,3999.5693,3966.0658,3985.7727,3.5252,0.0884,166125927.0,324235010.779
000300.SH,20241122,3865.6989,3984.2435,3990.2647,3865.6989,3989.2979,-123.599,-3.0983,216285809.0,397566831.848
000300.SH,20241125,3848.0909,3875.6126,3889.7069,3812.3179,3865.6989,-17.608,-0.4555,190702953.0,349006773.18
000300.SH,20241126,3840.1847,3836.259,3875.229,3833.2842,3848.0909,-7.9062,-0.2055,149892441.0,264403254.8
000300.SH,20241127,3907.0447,3829.3442,3907.164,3817.9125,3840.1847,66.86,1.7411,174136096.0,320632355.477
000300.SH,20241128,3872.5505,3904.2525,3908.3918,3866.0136,3907.0447,-34.4942,-0.8829,150117291.0,286432871.224
000300.SH,20241129,3916.5832,3869.8903,3962.7002,3869.8903,3872.5505,44.0327,1.137,187656713.0,375262017.919
000300.SH,20241202,3947.632,3909.7029,3955.1252,3902.1697,3916.5832,31.0488,0.7928,197289784.0,368591235.991
000300.SH,20241203,3951.8912,3946.7034,3963.9474,3922.8425,3947.632,4.2592,0.1079,182496867.0,327295048.701
000300.SH,20241204,3930.5568,3948.13,3957.365,3917.7467,3951.8912,-21.3344,-0.5399,174626318.0,312040419.082
000300.SH,20241205,3921.5881,3916.5638,3936.3358,3910.0834,3930.5568,-8.9687,-0.2282,138534038.0,257716297.997
000300.SH,20241206,3973.1405,3923.8954,3995.1168,3923.8954,3921.5881,51.5524,1.3146,192057907.0,351751735.425
000300.SH,20241209,3966.5708,3970.6628,3995.5116,3948.4206,3973.1405,-6.5697,-0.1654,175959958.0,308227216.703
000300.SH,20241210,3995.6369,4094.05,4098.3804,3988.9676,3966.5708,29.0661,0.7328,253463795.0,487278042.807
000300.SH,20241211,3988.8308,3988.0179,4005.3253,3977.3522,3995.6369,-6.8061,-0.1703,177252846.0,310713317.895
000300.SH,20241212,4028.5048,3987.1525,4031.7441,3981.3485,3988.8308,39.674,0.9946,181621777.0,333667518.401
000300.SH,20241213,3933.1808,4000.9854,4000.9854,3931.7392,4028.5048,-95.324,-2.3662,230353079.0,421478609.274
000300.SH,20241216,3911.8416,3930.7807,3938.7595,3901.6465,3933.1808,-21.3392,-0.5425,178511251.0,327619081.581
000300.SH,20241217,3922.0334,3908.1263,3955.945,3908.1263,3911.8416,10.1918,0.2605,160939090.0,306037370.847
000300.SH,20241218,3941.89,3934.5425,3956.1441,3933.9693,3922.0334,19.8566,0.5063,157738321.0,276825381.224
000300.SH,20241219,3945.4635,3911.8901,3954.3491,3899.7479,3941.89,3.5735,0.0907,161081040.0,321771606.933
000300.SH,20241220,3927.7441,3937.4722,3958.6336,3923.2562,3945.4635,-17.7194,-0.4491,154986496.0,332143276.398
000300.SH,20241223,3933.5718,3928.1493,3965.8502,3928.1493,3927.7441,5.8277,0.1484,190067362.0,354063425.209
000300.SH,20241224,3983.6882,3934.9422,3985.8588,3934.7338,3933.5718,50.1164,1.2741,161494589.0,310384873.294
000300.SH,20241225,3985.6291,3987.9557,4007.7626,3969.4766,3983.6882,1.9409,0.0487,159390747.0,299295145.793
000300.SH,20241226,3987.4801,3981.7317,3991.5331,3965.5461,3985.6291,1.851,0.0464,143425286.0,305769929.403
000300.SH,20241227,3981.0307,3987.0189,4007.1314,3970.9365,3987.4801,-6.4494,-0.1617,169268666.0,345011075.199
000300.SH,20241230,3999.0549,3976.7004,4005.778,3976.7004,3981.0307,18.0242,0.4528,164612485.0,322699390.192
000300.SH,20241231,3934.9109,3995.8705,4004.3462,3934.9109,3999.0549,-64.144,-1.604,183928397.0,347880439.53
000300.SH,20250102,3820.3952,3931.8155,3934.2034,3796.3389,3934.9109,-114.5157,-2.9102,217898724.0,388636586.639
000300.SH,20250103,3775.1648,3825.2426,3835.9353,3767.6653,3820.3952,-45.2304,-1.1839,175342676.0,304322755.436
000300.SH,20250106,3768.9697,3775.9902,3788.8489,3743.0727,3775.1648,-6.1951,-0.1641,150946670.0,262803541.116
000300.SH,20250107,3796.1055,3760.866,3797.602,3749.0581,3768.9697,27.1358,0.72,146455779.0,266855795.347
000300.SH,20250108,3789.2153,3781.261,3810.7355,3731.1887,3796.1055,-6.8902,-0.1815,169166968.0,300965725.433
000300.SH,20250109,3779.8773,3780.7341,3795.2608,3768.681,3789.2153,-9.338,-0.2464,129794002.0,251486002.82
000300.SH,20250110,3732.4806,3778.8928,3786.8069,3732.4806,3779.8773,-47.3967,-1.2539,137523171.0,275354209.064
000300.SH,20250113,3722.513,3704.4442,3737.8852,3704.1073,3732.4806,-9.9676,-0.2671,136446199.0,247861953.197
000300.SH,20250114,3820.5395,3728.5561,3826.6399,3718.8768,3722.513,98.0265,2.6333,170664657.0,345461480.064
000300.SH,20250115,3796.026,3810.0353,3816.8284,3790.1655,3820.5395,-24.5135,-0.6416,141475520.0,278850595.532
000300.SH,20250116,3800.3836,3812.1935,3842.947,3776.2861,3796.026,4.3576,0.1148,144505871.0,305734630.771
000300.SH,20250117,3812.3429,3788.3729,3831.6404,3780.2133,3800.3836,11.9593,0.3147,126621961.0,265437489.594
000300.SH,20250120,3829.6764,3835.3042,3858.6677,3821.9815,3812.3429,17.3335,0.4547,139581277.0,292175449.109
000300.SH,20250121,3832.6145,3850.3563,3850.9106,3817.1214,3829.6764,2.9381,0.0767,141218406.0,285073351.693
000300.SH,20250122,3797.0166,3823.9447,3823.9447,3783.1438,3832.6145,-35.5979,-0.9288,137255062.0,298745637.551
000300.SH,20250123,3803.7439,3829.0462,3864.2585,3801.8531,3797.0166,6.7273,0.1772,180569551.0,345198071.114
000300.SH,20250124,3832.8637,3793.8498,3847.6003,3793.4836,3803.7439,29.1198,0.7656,148971722.0,296474375.469
000300.SH,20250127,3817.0802,3836.9578,3851.9969,3817.0802,3832.8637,-15.7835,-0.4118,146670772.0,282940127.541
000300.SH,20250205,3795.0848,3844.6998,3844.6998,3785.162,3817.0802,-21.9954,-0.5762,157168308.0,346016202.025
000300.SH,20250206,3842.8314,3789.6086,3843.4942,3788.3196,3795.0848,47.7466,1.2581,167288176.0,371891971.101
000300.SH,20250207,3892.7028,3844.0574,3919.3499,3833.8685,3842.8314,49.8714,1.2978,221857707.0,487381557.078
000300.SH,20250210,3901.0618,3898.1023,3906.3678,3878.8314,3892.7028,8.359,0.2147,188903040.0,384968342.874
000300.SH,20250211,3883.1352,3905.1594,3905.1594,3872.9087,3901.0618,-17.9266,-0.4595,166574909.0,337866056.116
000300.SH,20250212,3919.8617,3875.9596,3920.7229,3867.3538,3883.1352,36.7265,0.9458,164228540.0,354830596.298
000300.SH,20250213,3905.1398,3913.9044,3939.1978,3904.9845,3919.8617,-14.7219,-0.3756,172485874.0,376473453.307
000300.SH,20250214,3939.0085,3900.8274,3942.0356,3900.8274,3905.1398,33.8687,0.8673,172976452.0,360974236.854
000300.SH,20250217,3947.3983,3954.4147,3955.8959,3921.7017,3939.0085,8.3898,0.213,213588246.0,430929575.563
000300.SH,20250218,3912.7829,3942.5761,3965.4232,3901.8675,3947.3983,-34.6154,-0.8769,209425101.0,400186229.941
000300.SH,20250219,3940.1602,3906.2201,3943.6742,3904.1455,3912.7829,27.3773,0.6997,182829517.0,363680372.563
000300.SH,20250220,3928.8959,3934.6503,3940.678,3916.1772,3940.1602,-11.2643,-0.2859,163895236.0,325972429.363
000300.SH,20250221,3978.444,3938.0518,3981.048,3927.7874,3928.8959,49.5481,1.2611,227400330.0,504645493.577
000300.SH,20250224,3969.7169,3972.4831,3995.9456,3949.2309,3978.444,-8.7271,-0.2194,220810618.0,455088749.685
000300.SH,20250225,3925.6505,3933.636,3955.4336,3915.6527,3969.7169,-44.0664,-1.1101,178108580.0,377981451.25
000300.SH,20250226,3959.9413,3931.842,3960.3298,3925.3664,3925.6505,34.2908,0.8735,191062501.0,386458193.763
000300.SH,20250227,3968.1159,3961.0635,3973.9323,3933.4611,3959.9413,8.1746,0.2064,202887963.0,428272792.668
000300.SH,20250228,3890.0487,3950.1866,3972.4813,3886.3994,3968.1159,-78.0672,-1.9674,198104147.0,420308043.45
000300.SH,20250303,3888.4738,3899.6962,3930.0048,3872.5872,3890.0487,-1.5749,-0.0405,177623166.0,356057735.014
000300.SH,20250304,3885.2208,3865.9939,3890.4235,3855.7254,3888.4738,-3.253,-0.0837,149850967.0,297739246.802
000300.SH,20250305,3902.5706,3887.7992,3906.4214,3877.0188,3885.2208,17.3498,0.4466,158652751.0,290860484.505
000300.SH,20250306,3956.2369,3923.3827,3964.4942,3917.0833,3902.5706,53.6663,1.3752,193960915.0,397419427.643
000300.SH,20250307,3944.0143,3944.9145,3967.0743,3935.0464,3956.2369,-12.2226,-0.3089,166732375.0,340626700.286
000300.SH,20250310,3928.8018,3945.5795,3949.1448,3905.127,3944.0143,-15.2125,-0.3857,152765232.0,292574987.481
000300.SH,20250311,3941.4157,3890.4305,3941.4157,3889.4298,3928.8018,12.6139,0.3211,144754402.0,287480453.12
000300.SH,20250312,3927.2315,3946.8623,3953.6125,3921.4736,3941.4157,-14.1842,-0.3599,156732190.0,309627267.365
000300.SH,20250313,3911.5793,3925.7439,3939.2854,3897.3758,3927.2315,-15.6522,-0.3986,156536443.0,295173112.58
000300.SH,20250314,4006.5567,3919.6159,4014.1586,3919.6159,3911.5793,94.9774,2.4281,216139003.0,450895278.803
000300.SH,20250317,3996.7876,4020.6402,4021.7278,3992.2563,4006.5567,-9.7691,-0.2438,162202911.0,318904417.418
000300.SH,20250318,4007.7229,4011.7794,4016.873,3995.9602,3996.7876,10.9353,0.2736,140208496.0,292739319.545
000300.SH,20250319,4010.168,4004.8251,4025.299,3989.512,4007.7229,2.4451,0.061,144419428.0,286075300.795
000300.SH,20250320,3974.9918,4011.0588,4012.0416,3969.9259,4010.168,-35.1762,-0.8772,133754670.0,260020676.826
000300.SH,20250321,3914.6956,3966.5146,3983.1476,3904.7674,3974.9918,-60.2962,-1.5169,165905294.0,309348613.935
000300.SH,20250324,3934.8486,3916.1136,3938.1826,3907.1999,3914.6956,20.153,0.5148,152234674.0,266051442.613
000300.SH,20250325,3932.2951,3937.8975,3946.3574,3921.5287,3934.8486,-2.5535,-0.0649,140475399.0,239246310.986
000300.SH,20250326,3919.3566,3930.2073,3942.026,3916.8607,3932.2951,-12.9385,-0.329,131164187.0,220943164.486
000300.SH,20250327,3932.4117,3911.3841,3952.9852,3903.652,3919.3566,13.0551,0.3331,126793738.0,232173613.774
000300.SH,20250328,3915.1662,3930.7763,3934.2336,3907.384,3932.4117,-17.2455,-0.4385,126356214.0,213379194.289
000300.SH,20250331,3887.3056,3905.9815,3928.4482,3872.403,3915.1662,-27.8606,-0.7116,166798523.0,268480316.572
000300.SH,20250401,3887.6841,3892.7794,3905.2622,3882.4045,3887.3056,0.3785,0.0097,140380274.0,246041674.67
000300.SH,20250402,3884.3858,3884.4181,3900.4949,3877.1599,3887.6841,-3.2983,-0.0848,113043175.0,198267515.342
000300.SH,20250403,3861.5034,3843.4177,3883.7025,3843.4177,3884.3858,-22.8824,-0.5891,142599789.0,263684681.545
000300.SH,20250407,3589.4406,3675.2017,3707.7771,3514.1165,3861.5034,-272.0628,-7.0455,312578586.0,512971787.745
000300.SH,20250408,3650.759,3597.9859,3650.759,3583.8746,3589.4406,61.3184,1.7083,280197312.0,464021087.838
000300.SH,20250409,3686.7943,3606.1036,3686.7943,3587.3368,3650.759,36.0353,0.9871,262305708.0,455031069.29
000300.SH,20250410,3735.1151,3749.1262,3756.1386,3708.8194,3686.7943,48.3208,1.3106,227252227.0,403842564.856
000300.SH,20250411,3750.5167,3730.3148,3762.3653,3708.4617,3735.1151,15.4016,0.4123,168759691.0,318535141.904
000300.SH,20250414,3759.1422,3772.0407,3776.6344,3754.033,3750.5167,8.6255,0.23,164462403.0,292571297.039
000300.SH,20250415,3761.2348,3756.4788,3764.486,3737.8495,3759.1422,2.0926,0.0557,134006040.0,228604621.376
000300.SH,20250416,3772.8204,3757.8757,3775.1661,3721.6025,3761.2348,11.5856,0.308,156359006.0,261711094.769
000300.SH,20250417,3772.2221,3755.0862,3779.1253,3749.504,3772.8204,-0.5983,-0.0159,122371002.0,209012323.066
000300.SH,20250418,3772.523,3760.0425,3782.0443,3754.4072,3772.2221,0.3009,0.008,102948509.0,173109384.097
000300.SH,20250421,3784.8806,3768.1421,3790.1782,3763.1383,3772.523,12.3576,0.3276,121355730.0,208085677.382
000300.SH,20250422,3783.9522,3780.1122,3799.2295,3778.0791,3784.8806,-0.9284,-0.0245,125688257.0,210200698.794
000300.SH,20250423,3786.8824,3803.4295,3807.9536,3780.5183,3783.9522,2.9302,0.0774,131986870.0,247117386.122
000300.SH,20250424,3784.3574,3787.459,3807.2599,3775.207,3786.8824,-2.525,-0.0667,117164560.0,205483051.375
000300.SH,20250425,3786.9937,3792.0838,3801.5765,3780.7772,3784.3574,2.6363,0.0697,124591133.0,220535052.619
000300.SH,20250428,3781.6188,3786.3867,3792.0082,3772.8029,3786.9937,-5.3749,-0.1419,125145091.0,210635318.523
000300.SH,20250429,3775.0767,3776.0025,3785.3157,3768.0311,3781.6188,-6.5421,-0.173,111514694.0,197462744.363
000300.SH,20250430,3770.5705,3775.8306,3787.5639,3768.7573,3775.0767,-4.5062,-0.1194,143681658.0,244820462.218
000300.SH,20250506,3808.5424,3794.3757,3809.0939,3782.777,3770.5705,37.9719,1.0071,158520459.0,267937090.757
000300.SH,20250507,3831.627,3861.5767,3863.6776,3814.9868,3808.5424,23.0846,0.6061,161172299.0,286010735.453
000300.SH,20250508,3852.8963,3820.5481,3867.3313,3816.2642,3831.627,21.2693,0.5551,124959833.0,246987280.588
000300.SH,20250509,3846.1566,3848.6187,3853.6632,3836.5349,3852.8963,-6.7397,-0.1749,119389526.0,216697939.672
000300.SH,20250512,3890.6096,3866.5305,3890.7342,3859.0346,3846.1566,44.453,1.1558,153332460.0,296122947.808
000300.SH,20250513,3896.2583,3915.5924,3915.5924,3890.6855,3890.6096,5.6487,0.1452,147320299.0,267586397.72
000300.SH,20250514,3943.2108,3894.8386,3960.5228,3890.6504,3896.2583,46.9525,1.2051,172033779.0,319465226.851
000300.SH,20250515,3907.1992,3934.0273,3936.4653,3904.9068,3943.2108,-36.0116,-0.9133,138081749.0,241464943.554
000300.SH,20250516,3889.0854,3898.6662,3903.8528,3874.8619,3907.1992,-18.1138,-0.4636,118405345.0,208835664.039
000300.SH,20250519,3877.1453,3882.5677,3885.5889,3866.5695,3889.0854,-11.9401,-0.307,98643414.0,184888170.554
000300.SH,20250520,3898.1705,3883.1024,3911.4737,3881.7436,3877.1453,21.0252,0.5423,104885234.0,201636702.522
000300.SH,20250521,3916.3807,3899.4365,3928.6339,3899.4365,3898.1705,18.2102,0.4671,109791343.0,217037739.435
000300.SH,20250522,3913.8651,3912.6007,3923.0195,3903.0898,3916.3807,-2.5156,-0.0642,107597052.0,197511410.271
000300.SH,20250523,3882.2741,3910.3739,3931.5514,3882.2741,3913.8651,-31.591,-0.8072,120277419.0,232945378.295
000300.SH,20250526,3860.1067,3875.7891,3884.537,3849.0384,3882.2741,-22.1674,-0.571,109601207.0,208876792.149
000300.SH,20250527,3839.3969,3857.6271,3865.4291,3834.8455,3860.1067,-20.7098,-0.5365,98572425.0,178466763.541
000300.SH,20250528,3836.2366,3843.0747,3849.736,3833.9582,3839.3969,-3.1603,-0.0823,89031026.0,162496372.728
000300.SH,20250529,3858.6998,3838.0092,3869.7909,3831.4577,3836.2366,22.4632,0.5856,108471886.0,209459602.501
000300.SH,20250530,3840.2323,3850.493,3858.6128,3829.2542,3858.6998,-18.4675,-0.4786,111672228.0,199389751.071
000300.SH,20250603,3852.0127,3833.4584,3863.2952,3832.7202,3840.2323,11.7804,0.3068,131403090.0,226782772.063
000300.SH,20250604,3868.7429,3855.4878,3875.8569,3855.4878,3852.0127,16.7302,0.4343,116803873.0,211736178.154
000300.SH,20250605,3877.5557,3872.6373,3883.1345,3861.272,3868.7429,8.8128,0.2278,122878184.0,231749275.335
000300.SH,20250606,3873.9841,3878.1027,3889.4557,3869.3871,3877.5557,-3.5716,-0.0921,110987971.0,202034736.311
000300.SH,20250609,3885.2459,3877.7977,3894.6517,3871.9917,3873.9841,11.2618,0.2907,136306293.0,262023668.466
000300.SH,20250610,3865.4652,3887.5512,3897.4573,3850.4663,3885.2459,-19.7807,-0.5091,145563859.0,263647551.795
000300.SH,20250611,3894.6252,3870.6719,3911.6107,3870.6719,3865.4652,29.16,0.7544,142414772.0,257217704.405
000300.SH,20250612,3892.1992,3885.5196,3900.0408,3870.3838,3894.6252,-2.426,-0.0623,133998697.0,260239581.458
000300.SH,20250613,3864.1822,3881.4923,3889.1602,3853.8186,3892.1992,-28.017,-0.7198,172539536.0,309172346.18
000300.SH,20250616,3873.7951,3853.6193,3876.1704,3853.6193,3864.1822,9.6129,0.2488,137341835.0,246860982.863
000300.SH,20250617,3870.3786,3875.1768,3880.4156,3860.409,3873.7951,-3.4165,-0.0882,122342526.0,220399818.949
000300.SH,20250618,3874.9708,3871.6502,3881.346,3854.6575,3870.3786,4.5922,0.1186,127528621.0,230553858.264
000300.SH,20250619,3843.0912,3870.049,3872.9425,3834.9512,3874.9708,-31.8796,-0.8227,130280658.0,234840180.806
000300.SH,20250620,3846.6443,3839.7833,3856.4799,3839.7833,3843.0912,3.5531,0.0925,118151020.0,213522822.875
000300.SH,20250623,3857.9016,3831.1703,3867.5896,3827.0829,3846.6443,11.2573,0.2927,133800892.0,232482215.85
000300.SH,20250624,3904.0342,3862.3876,3914.1579,3862.3876,3857.9016,46.1326,1.1958,163656188.0,294228720.613
000300.SH,20250625,3960.0662,3907.0682,3963.0371,3902.1771,3904.0342,56.032,1.4352,187213671.0,361727254.624
000300.SH,20250626,3946.0195,3953.1603,3964.482,3945.2589,3960.0662,-14.0467,-0.3547,165316263.0,328102847.496
000300.SH,20250627,3921.7578,3949.7879,3969.2626,3918.2041,3946.0195,-24.2617,-0.6148,194557913.0,343468229.814
000300.SH,20250630,3936.0791,3920.3149,3940.3611,3911.6044,3921.7578,14.3213,0.3652,145170236.0,288821434.921
000300.SH,20250701,3942.762,3935.9078,3946.2451,3924.7219,3936.0791,6.6829,0.1698,128959362.0,236070338.399
000300.SH,20250702,3943.6849,3943.3232,3952.1378,3929.6956,3942.762,0.9229,0.0234,147063062.0,246637847.454
000300.SH,20250703,3968.0676,3949.3998,3971.616,3945.138,3943.6849,24.3827,0.6183,141004006.0,269609569.539
000300.SH,20250704,3982.2034,3967.4637,4013.8478,3958.3762,3968.0676,14.1358,0.3562,157197133.0,290512992.198
000300.SH,20250707,3965.1746,3977.2881,3979.7481,3956.5663,3982.2034,-17.0288,-0.4276,131135273.0,225106992.876
000300.SH,20250708,3998.4527,3965.426,4002.269,3965.426,3965.1746,33.2781,0.8393,156402895.0,292089834.224
000300.SH,20250709,3991.4006,3997.5044,4016.7434,3987.4267,3998.4527,-7.0521,-0.1764,173293796.0,305398796.563
000300.SH,20250710,4010.0243,3993.4196,4032.9829,3992.5242,3991.4006,18.6237,0.4666,209778904.0,347836703.626
000300.SH,20250711,4014.807,4011.4652,4065.9419,4010.1052,4010.0243,4.7827,0.1193,262052773.0,443780794.88
000300.SH,20250714,4017.6678,4021.2135,4034.9198,4017.6678,4014.807,2.8608,0.0713,207917175.0,321415945.157
000300.SH,20250715,4019.0644,4023.9896,4042.6574,3994.2628,4017.6678,1.3966,0.0348,191042931.0,353524574.441
000300.SH,20250716,4007.2019,4019.3925,4027.8567,3993.9209,4019.0644,-11.8625,-0.2952,151027308.0,300656795.665
000300.SH,20250717,4034.491,4005.067,4034.5935,4005.067,4007.2019,27.2891,0.681,161249041.0,325516865.723
000300.SH,20250718,4058.5486,4039.8712,4064.6378,4039.3181,4034.491,24.0576,0.5963,186211063.0,354244444.63
000300.SH,20250721,4085.6072,4069.7685,4086.1171,4063.4427,4058.5486,27.0586,0.6667,223268476.0,377938564.878
000300.SH,20250722,4118.9582,4087.3354,4119.2021,4068.3383,4085.6072,33.351,0.8163,257596985.0,450874014.479
000300.SH,20250723,4119.7685,4129.1476,4155.6783,4113.9085,4118.9582,0.8103,0.0197,300506154.0,470330899.421
000300.SH,20250724,4149.0368,4116.8312,4152.4265,4111.8849,4119.7685,29.2683,0.7104,319632392.0,487000043.884
000300.SH,20250725,4127.1634,4145.3195,4150.4994,4117.8005,4149.0368,-21.8734,-0.5272,273594963.0,430445513.471
000300.SH,20250728,4135.8242,4128.1993,4146.12,4112.9677,4127.1634,8.6608,0.2098,222759815.0,406792873.973
000300.SH,20250729,4152.0247,4132.6833,4153.3307,4117.5772,4135.8242,16.2005,0.3917,230807880.0,428764310.974
000300.SH,20250730,4151.2379,4148.9405,4185.2064,4127.4301,4152.0247,-0.7868,-0.0189,249853048.0,445168467.668
000300.SH,20250731,4075.5912,4141.5612,4141.8243,4063.6662,4151.2379,-75.6467,-1.8223,267087406.0,492142571.739
000300.SH,20250801,4054.9286,4069.9254,4085.3543,4040.462,4075.5912,-20.6626,-0.507,196221826.0,359685164.163
000300.SH,20250804,4070.7023,4037.9378,4070.7023,4037.9378,4054.9286,15.7737,0.389,162275902.0,295976826.632
000300.SH,20250805,4103.45,4080.3877,4106.2969,4075.5836,4070.7023,32.7477,0.8045,178851999.0,306934255.766
000300.SH,20250806,4113.4852,4100.4283,4116.7085,4098.3544,4103.45,10.0352,0.2446,176676155.0,307674626.125
000300.SH,20250807,4114.666,4120.2822,4129.7382,4094.8214,4113.4852,1.1808,0.0287,198641902.0,358108366.984
000300.SH,20250808,4104.9669,4109.2734,4122.2104,4097.4157,4114.666,-9.6991,-0.2357,173171201.0,308507687.635
000300.SH,20250811,4122.5106,4110.2939,4134.2462,4103.605,4104.9669,17.5437,0.4274,190443716.0,360685826.235
000300.SH,20250812,4143.8252,4123.5762,4153.2948,4121.2243,4122.5106,21.3146,0.517,177287823.0,383088423.33
000300.SH,20250813,4176.5776,4150.5037,4186.748,4147.1991,4143.8252,32.7524,0.7904,213934999.0,462776745.465
000300.SH,20250814,4173.3131,4179.965,4220.3109,4165.9376,4176.5776,-3.2645,-0.0782,221103595.0,485075642.622
000300.SH,20250815,4202.3533,4162.4205,4214.7291,4157.495,4173.3131,29.0402,0.6959,261327566.0,518686873.501
000300.SH,20250818,4239.4125,4218.2471,4272.9602,4203.4191,4202.3533,37.0592,0.8819,301479102.0,635365867.185
000300.SH,20250819,4223.3741,4241.7651,4264.2303,4215.2075,4239.4125,-16.0384,-0.3783,250818771.0,553536203.26
000300.SH,20250820,4271.3958,4208.4005,4272.1463,4190.5559,4223.3741,48.0217,1.137,246481773.0,538815306.147
000300.SH,20250821,4288.0707,4284.3712,4308.4472,4273.6523,4271.3958,16.6749,0.3904,259030014.0,558521268.967
000300.SH,20250822,4377.9977,4287.3633,4378.3881,4287.3633,4288.0707,89.927,2.0971,290434897.0,675935075.409
000300.SH,20250825,4469.2217,4416.2924,4472.6525,4404.7761,4377.9977,91.224,2.0837,358090006.0,823681964.473
000300.SH,20250826,4452.5905,4453.3526,4476.803,4435.5275,4469.2217,-16.6312,-0.3721,270621395.0,627950450.229
000300.SH,20250827,4386.1266,4458.8399,4494.9126,4386.1266,4452.5905,-66.4639,-1.4927,333133898.0,785098482.974
000300.SH,20250828,4463.782,4378.0351,4464.8028,4364.171,4386.1266,77.6554,1.7705,296834536.0,739423602.221
000300.SH,20250829,4496.7591,4455.8034,4516.8395,4452.3632,4463.782,32.9771,0.7388,351938947.0,831194066.158
000300.SH,20250901,4523.7111,4516.8787,4528.1342,4487.5304,4496.7591,26.952,0.5994,320366708.0,770378288.127
000300.SH,20250902,4490.4528,4521.9828,4548.8937,4454.4169,4523.7111,-33.2583,-0.7352,303932566.0,777999297.964
000300.SH,20250903,4459.8296,4501.3388,4510.7303,4427.5176,4490.4528,-30.6232,-0.682,254320217.0,655697116.709
000300.SH,20250904,4365.2085,4461.2503,4465.4967,4327.5068,4459.8296,-94.6211,-2.1216,307934609.0,773124596.998
000300.SH,20250905,4460.3249,4365.6083,4466.5603,4350.2974,4365.2085,95.1164,2.179,249625657.0,664166970.947
000300.SH,20250908,4467.5733,4467.1693,4482.763,4438.0698,4460.3249,7.2484,0.1625,267638382.0,683630879.769
000300.SH,20250909,4436.2584,4448.739,4472.093,4412.6914,4467.5733,-31.3149,-0.7009,221375460.0,562861103.958
000300.SH,20250910,4445.3649,4438.2998,4466.6325,4414.5937,4436.2584,9.1065,0.2053,203597646.0,535539349.489
000300.SH,20250911,4548.0345,4438.839,4548.0345,4427.9242,4445.3649,102.6696,2.3096,253264051.0,693156671.398
000300.SH,20250912,4521.998,4544.5905,4564.6665,4517.7897,4548.0345,-26.0365,-0.5725,266442003.0,689576075.7
000300.SH,20250915,4533.0557,4534.8866,4566.9053,4522.4958,4521.998,11.0577,0.2445,231885678.0,613314652.4
000300.SH,20250916,4523.3367,4539.9217,4552.419,4494.7875,4533.0557,-9.719,-0.2144,249269206.0,613728334.806
000300.SH,20250917,4551.023,4517.2855,4556.0296,4503.7959,4523.3367,27.6863,0.6121,235716472.0,608454200.521
000300.SH,20250918,4498.109,4546.0319,4573.8331,4454.9886,4551.023,-52.914,-1.1627,309859826.0,839987127.411
000300.SH,20250919,4501.9195,4499.0906,4533.0919,4491.8437,4498.109,3.8105,0.0847,225044000.0,603887059.817
000300.SH,20250922,4522.608,4512.0251,4523.8695,4487.1299,4501.9195,20.6885,0.4595,196459956.0,563149164.266
000300.SH,20250923,4519.7781,4536.7569,4560.7319,4459.7281,4522.608,-2.8299,-0.0626,252827062.0,680513630.7
000300.SH,20250924,4566.0708,4495.2659,4567.4948,4494.1133,4519.7781,46.2927,1.0242,220482608.0,629161495.484
000300.SH,20250925,4593.4875,4563.9827,4613.9486,4558.8424,4566.0708,27.4167,0.6004,229823333.0,669866986.619
000300.SH,20250926,4550.0487,4576.9142,4597.8472,4550.0487,4593.4875,-43.4388,-0.9457,208482114.0,598723903.174
000300.SH,20250929,4620.0528,4555.0342,4647.5691,4541.4252,4550.0487,70.0041,1.5385,274358877.0,693395231.241
000300.SH,20250930,4640.6935,4629.8987,4647.5031,4616.2243,4620.0528,20.6407,0.4468,247980359.0,664624101.862
000300.SH,20251009,4709.482,4662.1133,4726.3449,4651.9895,4640.6935,68.7885,1.4823,347678696.0,862208005.908
000300.SH,20251010,4616.8341,4679.4983,4692.5858,4600.9646,4709.482,-92.6479,-1.9673,319020899.0,792743047.251
000300.SH,20251013,4593.9785,4490.8661,4601.8072,4490.8661,4616.8341,-22.8556,-0.495,315010354.0,714001634.395
000300.SH,20251014,4539.0644,4634.0543,4641.4492,4520.9258,4593.9785,-54.9141,-1.1953,372954030.0,808959003.201
000300.SH,20251015,4606.2879,4544.2431,4608.8239,4526.834,4539.0644,67.2235,1.481,284771855.0,607326345.326
000300.SH,20251016,4618.4218,4588.9206,4645.0959,4586.2801,4606.2879,12.1339,0.2634,248235518.0,560567191.741
000300.SH,20251017,4514.2345,4610.6967,4618.5621,4509.3289,4618.4218,-104.1873,-2.2559,256905617.0,559085965.219
000300.SH,20251020,4538.2201,4558.2421,4570.4376,4520.5024,4514.2345,23.9856,0.5313,218420405.0,505798833.703
000300.SH,20251021,4607.8715,4556.1224,4615.463,4547.9283,4538.2201,69.6514,1.5348,215711175.0,551390253.216
000300.SH,20251022,4592.57,4576.0277,4603.4884,4567.2361,4607.8715,-15.3015,-0.3321,185333960.0,440935302.747
000300.SH,20251023,4606.3447,4578.7018,4611.3409,4541.6944,4592.57,13.7747,0.2999,200463917.0,420800208.776
000300.SH,20251024,4660.6835,4622.7873,4660.6835,4622.7873,4606.3447,54.3388,1.1797,208814483.0,551986648.561
000300.SH,20251027,4716.0186,4699.3819,4720.4288,4687.6876,4660.6835,55.3351,1.1873,262200674.0,672670372.523
000300.SH,20251028,4691.973,4697.7277,4734.3218,4679.2288,4716.0186,-24.0456,-0.5099,220906645.0,571563257.096
000300.SH,20251029,4747.8378,4701.0362,4747.8378,4697.268,4691.973,55.8648,1.1906,246211324.0,645898688.765
000300.SH,20251030,4709.911,4735.9807,4761.8339,4706.452,4747.8378,-37.9268,-0.7988,273289118.0,719956285.438
000300.SH,20251031,4640.6676,4702.4946,4706.1395,4640.6676,4709.911,-69.2434,-1.4702,281464740.0,680712251.493
000300.SH,20251103,4653.4028,4636.7323,4653.4028,4595.7339,4640.6676,12.7352,0.2744,239869809.0,557602941.096
000300.SH,20251104,4618.699,4649.3481,4665.323,4595.066,4653.4028,-34.7038,-0.7458,233224032.0,505177700.977
000300.SH,20251105,4627.257,4562.1117,4642.6101,4558.7647,4618.699,8.558,0.1853,203045871.0,468361161.389
000300.SH,20251106,4693.4032,4642.0112,4698.0935,4642.0112,4627.257,66.1462,1.4295,224241008.0,553641780.921
000300.SH,20251107,4678.7944,4673.7616,4701.3743,4666.0405,4693.4032,-14.6088,-0.3113,212497377.0,507573849.5
000300.SH,20251110,4695.0507,4688.124,4695.1794,4654.2103,4678.7944,16.2563,0.3474,236026764.0,593977127.605
000300.SH,20251111,4652.1655,4706.3374,4707.1275,4648.4896,4695.0507,-42.8852,-0.9134,186638858.0,477629076.357
000300.SH,20251112,4645.9079,4643.5592,4669.6073,4620.9897,4652.1655,-6.2576,-0.1345,209460592.0,492308866.409
000300.SH,20251113,4702.0738,4643.7862,4703.4897,4643.7862,4645.9079,56.1659,1.2089,207367474.0,510060678.21
000300.SH,20251114,4628.1398,4663.3175,4684.2578,4628.0242,4702.0738,-73.934,-1.5724,192092676.0,444720433.579
000300.SH,20251117,4598.0525,4616.8058,4624.8976,4580.2613,4628.1398,-30.0873,-0.6501,188955466.0,438940097.528
000300.SH,20251118,4568.1928,4584.7896,4606.6167,4552.8038,4598.0525,-29.8597,-0.6494,177713185.0,420150126.547
000300.SH,20251119,4588.2922,4568.0365,4607.8627,4568.0365,4568.1928,20.0994,0.44,172924974.0,385230481.97
000300.SH,20251120,4564.9483,4619.5401,4620.6529,4560.1814,4588.2922,-23.3439,-0.5088,194562593.0,415064817.73
000300.SH,20251121,4453.6076,4513.3858,4527.0436,4453.1819,4564.9483,-111.3407,-2.439,222851013.0,481295814.463
000300.SH,20251124,4448.0478,4473.1563,4478.8081,4421.8123,4453.6076,-5.5598,-0.1248,185833729.0,425807469.5
000300.SH,20251125,4490.4047,4475.8359,4510.7729,4467.3529,4448.0478,42.3569,0.9523,169571929.0,411523796.962
000300.SH,20251126,4517.6255,4490.2021,4538.1361,4485.6984,4490.4047,27.2208,0.6062,156200368.0,427361377.738
000300.SH,20251127,4515.4027,4520.014,4559.2183,4509.8635,4517.6255,-2.2228,-0.0492,150311772.0,417789843.568
000300.SH,20251128,4526.6616,4511.4972,4531.7219,4492.4256,4515.4027,11.2589,0.2493,142902096.0,341832317.979
000300.SH,20251201,4576.4856,4539.1877,4576.9654,4531.2917,4526.6616,49.824,1.1007,200382317.0,463861587.251
000300.SH,20251202,4554.3347,4571.9098,4575.4945,4539.4312,4576.4856,-22.1509,-0.484,148493132.0,364366426.478
000300.SH,20251203,4531.0486,4554.5894,4569.821,4523.5017,4554.3347,-23.2861,-0.5113,169762790.0,374486168.903
000300.SH,20251204,4546.5664,4533.6004,4557.4228,4514.1878,4531.0486,15.5178,0.3425,147198110.0,348767399.212
000300.SH,20251205,4584.5368,4547.9056,4593.8279,4535.0195,4546.5664,37.9704,0.8351,196799968.0,412146806.538
000300.SH,20251208,4621.7545,4593.1399,4640.6256,4592.7414,4584.5368,37.2177,0.8118,199620990.0,496716196.112
000300.SH,20251209,4598.2232,4611.379,4628.7049,4584.254,4621.7545,-23.5313,-0.5091,184160344.0,452113884.581
000300.SH,20251210,4591.8273,4586.254,4598.5366,4549.0798,4598.2232,-6.3959,-0.1391,169111106.0,401452781.498
000300.SH,20251211,4552.1848,4597.1901,4610.2787,4547.1372,4591.8273,-39.6425,-0.8633,168419405.0,432431093.51
000300.SH,20251212,4580.95,4558.7375,4583.6753,4530.7841,4552.1848,28.7652,0.6319,212826520.0,523863221.652
000300.SH,20251215,4552.0596,4550.0028,4595.0463,4548.4382,4580.95,-28.8904,-0.6307,167589967.0,424383389.792
000300.SH,20251216,4497.5545,4542.4226,4553.0806,4484.27,4552.0596,-54.5051,-1.1974,165165201.0,390500134.303
000300.SH,20251217,4579.875,4499.7729,4594.6556,4498.9304,4497.5545,82.3205,1.8303,178424830.0,452504741.114
000300.SH,20251218,4552.7926,4553.9788,4571.9683,4544.1416,4579.875,-27.0824,-0.5913,151681328.0,382102395.685
000300.SH,20251219,4568.1781,4561.3729,4591.0931,4546.8465,4552.7926,15.3855,0.3379,154876220.0,371577144.281
000300.SH,20251222,4611.6235,4587.6683,4615.8721,4587.6683,4568.1781,43.4454,0.951,165252856.0,448240599.514
000300.SH,20251223,4620.7341,4616.026,4644.5347,4607.7992,4611.6235,9.1106,0.1976,169256412.0,433141326.006
000300.SH,20251224,4634.0586,4623.6831,4639.4278,4602.1444,4620.7341,13.3245,0.2884,153711241.0,406375640.662
000300.SH,20251225,4642.5357,4629.3195,4651.1535,4621.9208,4634.0586,8.4771,0.1829,139434186.0,385356060.832
000300.SH,20251226,4657.24,4639.7895,4676.131,4635.1052,4642.5357,14.7043,0.3167,175396565.0,460426934.268
000300.SH,20251229,4639.3721,4658.2654,4672.0352,4629.0567,4657.24,-17.8679,-0.3837,200397133.0,482613536.467
000300.SH,20251230,4651.2818,4617.3163,4664.3305,4616.6323,4639.3721,11.9097,0.2567,180374974.0,457185489.037
000300.SH,20251231,4629.9395,4656.48,4667.0467,4622.0988,4651.2818,-21.3423,-0.4588,170760224.0,444491545.749
000300.SH,20260105,4717.7457,4661.616,4721.6378,4661.616,4629.9395,87.8062,1.8965,234144839.0,630577351.311
000300.SH,20260106,4790.6938,4719.2088,4790.6938,4718.0099,4717.7457,72.9481,1.5462,296970686.0,725414566.873
000300.SH,20260107,4776.6658,4796.9335,4802.6028,4751.0713,4790.6938,-14.028,-0.2928,259095564.0,664897929.361
000300.SH,20260108,4737.6536,4761.0105,4765.4863,4717.0091,4776.6658,-39.0122,-0.8167,238804957.0,630655637.962
000300.SH,20260109,4758.9221,4725.9571,4771.4276,4719.134,4737.6536,21.2685,0.4489,254688038.0,668788811.127
000300.SH,20260112,4789.9155,4769.6501,4795.9327,4737.5702,4758.9221,30.9934,0.6513,294833165.0,799954082.388
000300.SH,20260113,4761.0324,4798.0488,4836.9549,4745.5154,4789.9155,-28.8831,-0.603,301449497.0,801054979.64
000300.SH,20260114,4741.9306,4767.6956,4818.1008,4720.246,4761.0324,-19.1018,-0.4012,364951023.0,891334219.174
000300.SH,20260115,4751.4293,4721.7966,4769.5478,4720.9368,4741.9306,9.4987,0.2003,254003636.0,674058683.64
000300.SH,20260116,4731.8728,4778.4302,4792.5514,4715.3646,4751.4293,-19.5565,-0.4116,325278929.0,785624166.096
000300.SH,20260119,4734.4556,4720.1945,4761.6317,4715.0867,4731.8728,2.5828,0.0546,267612492.0,655149256.236
000300.SH,20260120,4718.8782,4736.9096,4748.2297,4684.9684,4734.4556,-15.5774,-0.329,282719579.0,671960685.391
000300.SH,20260121,4723.0692,4714.5541,4758.2793,4714.2366,4718.8782,4.191,0.0888,266353332.0,665330511.237
000300.SH,20260122,4723.7091,4741.7548,4757.7637,4700.4482,4723.0692,0.6399,0.0135,274199932.0,690235248.161
000300.SH,20260123,4702.4966,4729.585,4734.7942,4684.6172,4723.7091,-21.2125,-0.4491,314635445.0,755617735.528
000300.SH,20260126,4706.964,4715.3753,4754.1777,4693.1577,4702.4966,4.4674,0.095,363004481.0,796832970.315
000300.SH,20260127,4705.6918,4705.1744,4736.9857,4675.6409,4706.964,-1.2722,-0.027,301475697.0,715267914.84
000300.SH,20260128,4717.9914,4725.6014,4739.6257,4697.9063,4705.6918,12.2996,0.2614,382255602.0,829414067.055
000300.SH,20260129,4753.8697,4733.0879,4770.9599,4696.0536,4717.9914,35.8783,0.7605,415513055.0,917966160.339
000300.SH,20260130,4706.3401,4723.081,4738.8711,4645.4706,4753.8697,-47.5296,-0.9998,319786531.0,750564885.195
000300.SH,20260202,4605.9799,4674.2759,4716.6069,4601.7603,4706.3401,-100.3602,-2.1324,304773500.0,725920381.252
000300.SH,20260203,4660.1074,4648.3574,4662.1264,4578.2087,4605.9799,54.1275,1.1752,265549405.0,666626842.811
000300.SH,20260204,4698.6832,4647.9671,4701.4768,4641.8424,4660.1074,38.5758,0.8278,264881032.0,636018589.863
000300.SH,20260205,4670.4188,4664.7478,4687.0213,4639.43,4698.6832,-28.2644,-0.6015,237856351.0,550433167.197
000300.SH,20260206,4643.5959,4622.9747,4678.2618,4606.6379,4670.4188,-26.8229,-0.5743,202716477.0,505759806.238
000300.SH,20260209,4719.0559,4693.6715,4719.9642,4679.9037,4643.5959,75.46,1.625,207251938.0,522757267.199
000300.SH,20260210,4724.2956,4718.2552,4732.0871,4713.8684,4719.0559,5.2397,0.111,187000958.0,450339578.978
000300.SH,20260211,4713.8185,4715.6697,4723.7043,4703.6873,4724.2956,-10.4771,-0.2218,173391681.0,433428613.402
000300.SH,20260212,4719.578,4720.0085,4726.0426,4707.7359,4713.8185,5.7595,0.1222,197841439.0,490473852.275
000300.SH,20260213,4660.4056,4693.4106,4703.6332,4658.4038,4719.578,-59.1724,-1.2538,189167756.0,452878594.069
000300.SH,20260224,4707.544,4727.2961,4727.373,4698.3488,4660.4056,47.1384,1.0115,218488890.0,526084235.584
000300.SH,20260225,4735.8858,4713.5754,4766.5587,4713.3438,4707.544,28.3418,0.6021,284268354.0,596903872.617
000300.SH,20260226,4726.8739,4741.3896,4742.1476,4706.6943,4735.8858,-9.0119,-0.1903,234847644.0,599848915.405
000300.SH,20260227,4710.6469,4698.3,4721.0141,4692.891,4726.8739,-16.227,-0.3433,261420865.0,578820992.51
000300.SH,20260302,4728.6688,4681.0141,4735.4055,4667.2752,4710.6469,18.0219,0.3826,349260752.0,752681937.77
000300.SH,20260303,4655.8962,4737.3164,4744.5987,4651.4047,4728.6688,-72.7726,-1.539,370624272.0,801659243.77
000300.SH,20260304,4602.6247,4609.1918,4639.4204,4575.8249,4655.8962,-53.2715,-1.1442,303035666.0,608923128.59
000300.SH,20260305,4647.6921,4651.9415,4671.5268,4630.3024,4602.6247,45.0674,0.9792,259317825.0,570443777.085
000300.SH,20260306,4660.439,4621.4939,4671.7126,4612.7943,4647.6921,12.7469,0.2743,238527926.0,487807080.157
000300.SH,20260309,4615.4551,4600.2535,4625.9814,4548.969,4660.439,-44.9839,-0.9652,322787617.0,665821508.005
000300.SH,20260310,4674.7562,4648.7851,4677.5958,4648.7851,4615.4551,59.3011,1.2848,263903748.0,557607876.149
000300.SH,20260311,4704.4959,4681.0316,4711.8671,4674.7088,4674.7562,29.7397,0.6362,270175443.0,579564397.6
000300.SH,20260312,4687.5601,4700.7205,4704.3791,4654.3147,4704.4959,-16.9358,-0.36,302986816.0,572105482.464
000300.SH,20260313,4669.14,4669.0619,4707.4194,4659.4979,4687.5601,-18.4201,-0.393,310772009.0,580305608.198
000300.SH,20260316,4671.5591,4669.2241,4673.6929,4621.8118,4669.14,2.4191,0.0518,296215070.0,598799098.356
000300.SH,20260317,4637.4392,4685.5697,4720.8608,4637.368,4671.5591,-34.1199,-0.7304,263021913.0,578501505.808
000300.SH,20260318,4658.3324,4648.7517,4662.2936,4604.5163,4637.4392,20.8932,0.4505,234690705.0,524173911.454
000300.SH,20260319,4583.2511,4611.4399,4634.5468,4570.392,4658.3324,-75.0813,-1.6118,254130449.0,547850295.789
000300.SH,20260320,4567.0179,4602.8205,4628.7118,4563.0687,4583.2511,-16.2332,-0.3542,257873703.0,615463088.558
000300.SH,20260323,4417.9971,4499.1004,4514.7182,4397.5661,4567.0179,-149.0208,-3.263,328081945.0,671719761.061
000300.SH,20260324,4474.7224,4458.9074,4474.825,4394.2943,4417.9971,56.7253,1.284,255532517.0,530149390.314
000300.SH,20260325,4537.4656,4506.6247,4542.1806,4502.0265,4474.7224,62.7432,1.4022,262639279.0,550428161.188
000300.SH,20260326,4477.5343,4525.3291,4541.0502,4468.9571,4537.4656,-59.9313,-1.3208,213736788.0,471127498.414
000300.SH,20260327,4502.5698,4431.5034,4519.8903,4431.4205,4477.5343,25.0355,0.5591,192400388.0,440517561.617
000300.SH,20260330,4491.95,4461.7367,4496.4109,4447.1373,4502.5698,-10.6198,-0.2359,209293092.0,444629519.711
000300.SH,20260331,4450.0493,4491.9209,4523.1745,4450.0493,4491.95,-41.9007,-0.9328,224541585.0,484558113.011
000300.SH,20260401,4526.0668,4517.2717,4532.1093,4492.0544,4450.0493,76.0175,1.7082,216483196.0,503744056.996
000300.SH,20260402,4478.9141,4514.4416,4519.6931,4459.6095,4526.0668,-47.1527,-1.0418,190992161.0,429949131.7
000300.SH,20260403,4440.7889,4492.8461,4494.4571,4437.5952,4478.9141,-38.1252,-0.8512,168321705.0,373234910.158
000300.SH,20260407,4440.6162,4445.8613,4458.9264,4420.6939,4440.7889,-0.1727,-0.0039,162638787.0,378261695.015
000300.SH,20260408,4595.556,4517.3403,4595.556,4513.7705,4440.6162,154.9398,3.4892,253339213.0,641779180.97
000300.SH,20260409,4566.2237,4562.6696,4579.197,4552.4244,4595.556,-29.3323,-0.6383,184939783.0,500445676.661
000300.SH,20260410,4636.5655,4594.9467,4655.0988,4590.1089,4566.2237,70.3418,1.5405,208678605.0,625717995.648
000300.SH,20260413,4646.1546,4615.133,4653.3983,4615.133,4636.5655,9.5891,0.2068,196712277.0,556620945.24
000300.SH,20260414,4701.2837,4676.1235,4701.2837,4654.8526,4646.1546,55.1291,1.1866,204700332.0,605717793.585
000300.SH,20260415,4685.2464,4726.6381,4731.2729,4672.556,4701.2837,-16.0373,-0.3411,201688500.0,604550556.798
000300.SH,20260416,4736.6077,4694.4309,4739.2208,4689.414,4685.2464,51.3613,1.0962,192057600.0,567611323.592
000300.SH,20260417,4728.6716,4728.9951,4738.3236,4714.4669,4736.6077,-7.9361,-0.1675,182915336.0,587622682.308
000300.SH,20260420,4757.4419,4727.1661,4763.0427,4720.6853,4728.6716,28.7703,0.6084,221633494.0,626568410.331
000300.SH,20260421,4767.997,4750.5149,4776.8258,4722.0074,4757.4419,10.5551,0.2219,205614058.0,580407995.62
000300.SH,20260422,4799.627,4751.2794,4801.4465,4750.3502,4767.997,31.63,0.6634,204481830.0,619505670.177
000300.SH,20260423,4786.3273,4816.0267,4823.4704,4759.86,4799.627,-13.2997,-0.2771,232865736.0,693853775.976
000300.SH,20260424,4769.3688,4771.7348,4786.444,4735.606,4786.3273,-16.9585,-0.3543,193798314.0,680097832.547
000300.SH,20260427,4770.9469,4776.3351,4795.1682,4762.6441,4769.3688,1.5781,0.0331,192796550.0,648904814.981
000300.SH,20260428,4758.2083,4757.0766,4778.1891,4743.4355,4770.9469,-12.7386,-0.267,216724233.0,631521664.931
000300.SH,20260429,4810.3468,4737.5755,4813.6104,4737.1139,4758.2083,52.1385,1.0958,233298110.0,681020507.301
000300.SH,20260430,4807.3069,4820.9716,4829.2715,4797.5445,4810.3468,-3.0399,-0.0632,250633370.0,726665374.516
000300.SH,20260506,4877.0932,4857.6537,4892.7957,4834.2807,4807.3069,69.7863,1.4517,274443880.0,881744311.635
000300.SH,20260507,4900.5098,4895.8001,4901.8575,4866.8749,4877.0932,23.4166,0.4801,257833972.0,787236200.023
000300.SH,20260508,4871.9122,4871.1185,4887.2129,4849.9871,4900.5098,-28.5976,-0.5836,251720996.0,716546104.146
000300.SH,20260511,4951.8366,4902.2775,4960.3975,4889.5659,4871.9122,79.9244,1.6405,305734801.0,904479321.902
000300.SH,20260512,4948.0465,4965.0175,4971.3026,4926.7897,4951.8366,-3.7901,-0.0765,273812001.0,819351442.664
000300.SH,20260513,4998.3417,4919.4248,5001.1201,4919.4248,4948.0465,50.2952,1.0165,268454537.0,823173197.929
000300.SH,20260514,4914.5971,5027.6405,5030.5187,4913.6037,4998.3417,-83.7446,-1.6754,280695379.0,857446326.248
000300.SH,20260515,4859.5927,4911.6223,4935.6173,4832.6899,4914.5971,-55.0044,-1.1192,276967769.0,887687426.985
